{
    "total_runtime": 0.6621966361999512,
    "num_documents": 1,
    "input_load_time": 0,
    "workflows": {
        "create_base_text_units": {
            "overall": 0.4254307746887207,
            "0_create_base_text_units": 0.422593355178833
        }
    }
}